{
    "packages": [
        {
            "name": "EBots",
            "maintainer": "EBots.cc",
            "websiteURL": "http://www.ebots.cc/",
            "email": "info@ebots.cc",
            "help": {
                "online": "http://www.ebots.cc/"
            },
            "platforms": [
                {
                    "name": "EBots",
                    "architecture": "avr",
                    "version": "0.0.1",
                    "category": "Contributed",
                    "url": "https://MCUdude.github.io/MightyCore/MightyCore-2.0.1.tar.bz2",
                    "archiveFileName": "MightyCore-2.0.1.tar.bz2",
                    "checksum": "SHA-256:83cb044c4819c6da16867dc5f223f4abcb0aa1287a6b0d5acb43d5e153845aa6",
                    "size": "387729",
                    "boards": [
                        {
                            "name": "EBot8"
                        },
                        {
                            "name": "EBot8 PRO"
                        }
                    ],
                    "toolsDependencies": []
                }
            ],
            "tools": []
        }
    ]
}