{
    "packages": [
        {
            "name": "EBots",
            "maintainer": "EBots.cc",
            "websiteURL": "http://www.ebots.cc/",
            "email": "info@ebots.cc",
            "help": {
                "online": "http://www.ebots.cc/"
            },
            "platforms": [
                {
                    "name": "EBots",
                    "architecture": "avr",
                    "version": "0.0.1",
                    "category": "Contributed",
                    "url": "https://github.com/sanu-krishnan/ebot-arduino-core/blob/master/EBots_0_0_1.zip",
                    "archiveFileName": " EBots_0_0_1.zip ",
                    "checksum": "SHA-256:8155472b9215224c52bfa3b9c76bbd0c6758449a598c5bcbec54e5c0512373a7",
                    "size": "21711713",
                    "boards": [
                        {
                            "name": "EBot8"
                        },
                        {
                            "name": "EBot8 PRO"
                        }
                    ],
                    "toolsDependencies": []
                }
            ],
            "tools": []
        }
    ]
}
