{
    "packages": [
        {
            "name": "EBots",
            "maintainer": "EBots.cc",
            "websiteURL": "http://www.ebots.cc/",
            "email": "info@ebots.cc",
            "help": {
                "online": "http://www.ebots.cc/"
            },
            "platforms": [
                {
                    "name": "EBots",
                    "architecture": "avr",
                    "version": "0.0.1",
                    "category": "Contributed",
                    "url": "https://github.com/sanu-krishnan/ebot-arduino-core/blob/master/EBots_v_0_1.zip",
                    "archiveFileName": " EBots_0_1.zip ",
                    "checksum": "SHA-256:ce34edbfe56e9f9b78ccca53fc307665db6df2f8373d143494c0318df23985ed",
                    "size": "6640037",
                    "boards": [
                        {
                            "name": "EBot8"
                        },
                        {
                            "name": "EBot8 PRO"
                        }
                    ],
                    "toolsDependencies": []
                }
            ],
            "tools": []
        }
    ]
}
