{
    "packages": [
        {
            "name": "EBots",
            "maintainer": "EBots.cc",
            "websiteURL": "http://www.ebots.cc/",
            "email": "info@ebots.cc",
            "help": {
                "online": "http://www.ebots.cc/"
            },
            "platforms": [
                {
                    "name": "EBots",
                    "architecture": "avr",
                    "version": "0.0.1",
                    "category": "Contributed",
                    "url": "https://github.com/sanu-krishnan/ebot-arduino-core/blob/master/ebots_001.zip",
                    "archiveFileName": "ebots_001",
                    "checksum": "SHA-256:b81ed90c959214a76157c9a51124bafe03162fce59fad0381e832e4efbabf94f",
                    "size": "6572007",
                    "boards": [
                        {
                            "name": "EBot8"
                        },
                        {
                            "name": "EBot8 PRO"
                        }
                    ],
                    "toolsDependencies": []
                }
            ],
            "tools": []
        }
    ]
}
